Never Gonna Give You Up,Rick Astley,03:33
Baby Shark,Pinkfong Baby Shark,02:17
Plenty,Guru's Jazzmatazz,04:39
So Far to Go - Short Edit,J Dilla,04:00
Astronaut,Quasimoto,02:10
Mashin' Up Da World (feat. Junior Reid & Prodigal Son),Guru's Jazzmatazz,05:21
Runnin',The Pharcyde,04:56
Grown Man Sport,Pete Rock,04:36
Montego Slay,People Under The Stairs,03:58
Dang! (feat. Anderson .Paak),Mac Miller,05:05
Sunshine,Mos Def,04:26
1nce Again (feat. Tammy Lucas) - Radio Version,A Tribe Called Quest,03:49
Jettin',Digable Planets,04:39
The Look of Love Pt. 1,Slum Village,03:38
Music Evolution,Buckshot LeFonque,04:59
Mellow My Man,The Roots,04:42
Get Down - Q-Tip Remix,Craig Mack,03:58
Forth & Back - Remix,Jay Dee,03:37
Get Ta Steppin',Hi-Tek,04:37
Peachfuzz,K.M.D.,04:00
Who's There? (feat. Les Nubians),Guru's Jazzmatazz,04:06
Jazz et th√© vert,Souleance,03:33
Flip Ya Lid,Nightmares On Wax,05:24
Canned Heat,Jamiroquai,05:32
The Light,Common,04:22
Passin' Me By,The Pharcyde,05:03
Intro,Guru's Jazzmatazz,01:06
Ease My Mind,Jazz Liberatorz,05:29
Killing Time,James Taylor Quartet,04:53
What They Do,The Roots,05:57
